{
  "results": [
    {
      "model_name": "rnn",
      "persona_accuracy": 0.54,
      "persona_f1": 0.5387,
      "next_action_accuracy": 0.54,
      "next_action_f1": 0.5395,
      "score": 0.5391,
      "epochs_run": 23,
      "train_loss_history": [
        3.2789,
        3.107,
        2.9566,
        2.8276,
        2.5738,
        2.3043,
        2.0932,
        1.9518,
        1.9232,
        1.7652,
        1.7206,
        1.7616,
        1.7325,
        1.8367,
        1.6336,
        1.6014,
        1.5744,
        1.5933,
        1.5728,
        1.503,
        1.5221,
        1.4737,
        1.4971
      ],
      "valid_loss_history": [
        3.1341,
        2.9828,
        2.8448,
        2.6536,
        2.2655,
        2.134,
        1.9901,
        1.8465,
        1.758,
        1.764,
        1.6745,
        1.8173,
        1.8597,
        1.7487,
        1.9527,
        1.6488,
        1.6411,
        1.6669,
        1.6872,
        1.7335,
        1.6872,
        1.6899,
        1.6937
      ],
      "train_acc_history": [
        22.5,
        31.5,
        36.38,
        40.5,
        45.12,
        50.0,
        58.13,
        61.12,
        59.25,
        64.5,
        63.12,
        61.5,
        61.88,
        63.5,
        65.38,
        64.88,
        67.75,
        68.25,
        66.0,
        69.0,
        71.75,
        70.38,
        68.62
      ],
      "valid_acc_history": [
        28.5,
        35.0,
        40.0,
        45.5,
        51.0,
        52.5,
        49.5,
        55.0,
        58.5,
        51.0,
        53.5,
        57.0,
        54.0,
        54.5,
        57.5,
        56.5,
        53.0,
        54.0,
        54.0,
        51.0,
        55.5,
        54.0,
        54.0
      ],
      "persona_report": {
        "new_explorer": {
          "precision": 0.43333333333333335,
          "recall": 0.6190476190476191,
          "f1-score": 0.5098039215686274,
          "support": 21.0
        },
        "category_browser": {
          "precision": 0.5454545454545454,
          "recall": 0.48,
          "f1-score": 0.5106382978723404,
          "support": 25.0
        },
        "deal_hunter": {
          "precision": 0.7647058823529411,
          "recall": 0.6842105263157895,
          "f1-score": 0.7222222222222222,
          "support": 19.0
        },
        "loyal_member": {
          "precision": 0.7142857142857143,
          "recall": 0.3125,
          "f1-score": 0.43478260869565216,
          "support": 16.0
        },
        "high_intent_buyer": {
          "precision": 0.4583333333333333,
          "recall": 0.5789473684210527,
          "f1-score": 0.5116279069767442,
          "support": 19.0
        },
        "accuracy": 0.54,
        "macro avg": {
          "precision": 0.5832225617519735,
          "recall": 0.5349411027568922,
          "f1-score": 0.5378149914671173,
          "support": 100.0
        },
        "weighted avg": {
          "precision": 0.5740268016297427,
          "recall": 0.54,
          "f1-score": 0.5387151399366048,
          "support": 100.0
        }
      },
      "next_action_report": {
        "recommend_entry_products": {
          "precision": 0.42857142857142855,
          "recall": 0.5714285714285714,
          "f1-score": 0.4897959183673469,
          "support": 21.0
        },
        "push_coupon": {
          "precision": 0.7647058823529411,
          "recall": 0.6842105263157895,
          "f1-score": 0.7222222222222222,
          "support": 19.0
        },
        "bundle_related_products": {
          "precision": 0.4583333333333333,
          "recall": 0.5789473684210527,
          "f1-score": 0.5116279069767442,
          "support": 19.0
        },
        "upsell_membership": {
          "precision": 0.7142857142857143,
          "recall": 0.3125,
          "f1-score": 0.43478260869565216,
          "support": 16.0
        },
        "reengage_catalog": {
          "precision": 0.5416666666666666,
          "recall": 0.52,
          "f1-score": 0.5306122448979592,
          "support": 25.0
        },
        "accuracy": 0.54,
        "macro avg": {
          "precision": 0.5815126050420167,
          "recall": 0.5334172932330827,
          "f1-score": 0.537808180231985,
          "support": 100.0
        },
        "weighted avg": {
          "precision": 0.5720798319327731,
          "recall": 0.54,
          "f1-score": 0.5395069460207407,
          "support": 100.0
        }
      }
    },
    {
      "model_name": "lstm",
      "persona_accuracy": 0.57,
      "persona_f1": 0.5689,
      "next_action_accuracy": 0.57,
      "next_action_f1": 0.5729,
      "score": 0.5709,
      "epochs_run": 22,
      "train_loss_history": [
        3.2196,
        3.0934,
        2.9386,
        2.6017,
        2.203,
        1.9623,
        1.768,
        1.6718,
        1.5561,
        1.52,
        1.4304,
        1.427,
        1.299,
        1.2414,
        1.3487,
        1.274,
        1.2435,
        1.2215,
        1.229,
        1.1517,
        1.0917,
        1.1138
      ],
      "valid_loss_history": [
        3.1114,
        2.9565,
        2.6964,
        2.2453,
        1.9483,
        1.7555,
        1.6704,
        1.6169,
        1.6105,
        1.573,
        1.6221,
        1.6658,
        1.5616,
        1.5069,
        1.6684,
        1.5016,
        1.6065,
        1.5737,
        1.6319,
        1.5727,
        1.6012,
        1.6215
      ],
      "train_acc_history": [
        21.75,
        32.88,
        40.0,
        47.88,
        51.5,
        61.38,
        63.88,
        66.75,
        67.88,
        66.88,
        70.38,
        71.38,
        73.75,
        73.5,
        71.5,
        73.88,
        73.62,
        73.38,
        74.75,
        76.0,
        78.12,
        77.25
      ],
      "valid_acc_history": [
        34.0,
        41.5,
        46.0,
        49.0,
        55.0,
        58.5,
        56.0,
        59.5,
        55.5,
        61.0,
        58.5,
        58.0,
        60.0,
        60.0,
        55.5,
        62.0,
        57.5,
        58.5,
        58.5,
        60.0,
        60.0,
        57.0
      ],
      "persona_report": {
        "new_explorer": {
          "precision": 0.4411764705882353,
          "recall": 0.7142857142857143,
          "f1-score": 0.5454545454545454,
          "support": 21.0
        },
        "category_browser": {
          "precision": 0.5555555555555556,
          "recall": 0.4,
          "f1-score": 0.46511627906976744,
          "support": 25.0
        },
        "deal_hunter": {
          "precision": 0.7647058823529411,
          "recall": 0.6842105263157895,
          "f1-score": 0.7222222222222222,
          "support": 19.0
        },
        "loyal_member": {
          "precision": 0.7777777777777778,
          "recall": 0.4375,
          "f1-score": 0.56,
          "support": 16.0
        },
        "high_intent_buyer": {
          "precision": 0.5454545454545454,
          "recall": 0.631578947368421,
          "f1-score": 0.5853658536585366,
          "support": 19.0
        },
        "accuracy": 0.57,
        "macro avg": {
          "precision": 0.6169340463458111,
          "recall": 0.5735150375939849,
          "f1-score": 0.5756317800810143,
          "support": 100.0
        },
        "weighted avg": {
          "precision": 0.6049108734402852,
          "recall": 0.57,
          "f1-score": 0.5688662587302405,
          "support": 100.0
        }
      },
      "next_action_report": {
        "recommend_entry_products": {
          "precision": 0.4166666666666667,
          "recall": 0.7142857142857143,
          "f1-score": 0.5263157894736842,
          "support": 21.0
        },
        "push_coupon": {
          "precision": 0.8666666666666667,
          "recall": 0.6842105263157895,
          "f1-score": 0.7647058823529411,
          "support": 19.0
        },
        "bundle_related_products": {
          "precision": 0.5454545454545454,